source_file;file_index;loop_index;E1/2a;Epa;Ypa;Spa;E1/2c;Epc;Ypc;Spc
Pos_41-24h_10pvdf_20С_03_CV_C01.mpr;1;0;0.810678;0.8873501;1.2345949267300888299;0.26411993570865856972;0.8356431;0.7556482;-1.2085974932660153530;-0.058182826298382360565
Pos_41-24h_10pvdf_20С_03_CV_C01.mpr;1;1;0.8096705;0.88968766;1.3960980380803895045;0.28619142426856002050;0.8356306;0.7589543;-1.2299572978855675671;0.046582560814837289522
Pos_41-24h_10pvdf_20С_03_CV_C01.mpr;1;2;0.8096917;0.8896994;1.4089924542617555742;0.28935852044505510906;0.8356734;0.7589628;-1.2526091071905933517;0.047446513077832872693
Pos_41-24h_10pvdf_20С_03_CV_C01.mpr;1;3;0.8096932;0.88968545;1.4064804868294602690;0.29041511235162362450;0.835623;0.758968;-1.2618183182306996323;0.044057193562575887356
Pos_41-24h_10pvdf_20С_03_CV_C01.mpr;1;4;0.80970997;0.8897042;1.4458225935776362878;0.29404986684699375629;0.8356239;0.7589766;-1.2817321516826234916;0.040572457893602305372
Pos_41-24h_10pvdf_20С_03_CV_C01.mpr;1;5;0.8096745;0.8897066;1.4238439158972474571;0.29189772077928255626;0.8356568;0.7589653;-1.2827383615269122404;0.043123272282439057440
Pos_41-24h_10pvdf_20С_03_CV_C01.mpr;1;6;0.80969507;0.8896917;1.4267061886444287865;0.28895688335157339611;0.83563733;0.7589607;-1.2878569102586470890;0.042369883590096128554
Pos_41-24h_10pvdf_20С_03_CV_C01.mpr;1;7;0.8097075;0.8897087;1.4520644526582755140;0.29544747995955792841;0.8356516;0.75895387;-1.3021426866432679559;0.038487005084992997674
Pos_41-24h_10pvdf_20С_03_CV_C01.mpr;1;8;0.8097155;0.8897145;1.4708502094468505289;0.29703520792256575391;0.8356534;0.75896853;-1.3075221163876385049;0.036671877724639596014
Pos_41-24h_10pvdf_20С_03_CV_C01.mpr;1;9;0.80969405;0.8897102;1.4451254586883133651;0.29289502295017456856;0.83565134;0.7589793;-1.3175126881371579346;0.036525424205794612162
Pos_41-24h_10pvdf_20С_03_CV_C01.mpr;1;10;0.80971676;0.889696;1.4400002820255491122;0.29253588836657580981;0.8356609;0.75898147;-1.3137885700397413734;0.042575984508433379010
Pos_41-24h_10pvdf_20С_03_CV_C01.mpr;1;11;0.8096958;0.8897155;1.4451941176782927994;0.28899596913355794088;0.8356589;0.75896424;-1.3229479770471220206;0.040383474707334240787
Pos_41-24h_10pvdf_20С_03_CV_C01.mpr;1;12;0.8097132;0.88970745;1.4632552762626972908;0.29391986900068893620;0.8356388;0.7589817;-1.3170417331085038250;0.043384454685629029748
Pos_41-24h_10pvdf_20С_03_CV_C01.mpr;1;13;0.80969787;0.8896975;1.4475028811825230087;0.29525053663458612355;0.83564293;0.75898105;-1.3345377080854456865;0.038772178367360595503
Pos_41-24h_10pvdf_20С_03_CV_C01.mpr;1;14;0.80969363;0.8896854;1.4585911773044569188;0.29519708130323551026;0.8356239;0.7589607;-1.3365546965960107843;0.033772836219941330783
Pos_41-24h_10pvdf_20С_03_CV_C01.mpr;1;15;0.80970615;0.88970536;1.4829908163415070585;0.29550370336824038656;0.83562714;0.7589537;-1.3378899325631817550;0.037883163032838769149
Pos_41-24h_10pvdf_20С_03_CV_C01.mpr;1;16;0.8096947;0.889703;1.4872473902658722564;0.29588315937721789474;0.83562505;0.75894475;-1.3471101918679144033;0.037097258751494666744
Pos_41-24h_10pvdf_20С_03_CV_C01.mpr;1;17;0.8096779;0.88969076;1.4875375492341892838;0.29626186613451109348;0.8356295;0.75894254;-1.3450392150592028173;0.038155417769134966332
Pos_41-24h_10pvdf_20С_03_CV_C01.mpr;1;18;0.80968595;0.889689;1.4840812487474970114;0.29832323677218894629;0.8356142;0.7589445;-1.3418921168884908799;0.039251062529707892763
Pos_41-24h_10pvdf_20С_03_CV_C01.mpr;1;19;0.80970573;0.88971716;1.5014123457507091645;0.29856715484817319143;0.8356428;0.7589798;-1.3498626049007592145;0.038643576221963836126
Pos_41-24h_10pvdf_20С_03_CV_C01.mpr;1;20;0.809728;0.8897155;1.4961490841829021415;0.29904855609802824650;0.83563524;0.7589689;-1.3576457211154240571;0.035810150178031211698
Pos_54-24h_24S_E2_02_CV_C01.mpr;2;0;0.8116586;1.0003436;1.3559289428091059106;0.16154134737730709643;0.85628855;0.7087526;-0.1741275297130388846;0.66157391133258816217
Pos_54-24h_24S_E2_02_CV_C01.mpr;2;1;0.81223565;1.0003244;1.4194808476958086614;0.16115677244826067226;0.8537735;0.710758;-0.19113034485419326050;0.66656057551549707508
Pos_54-24h_24S_E2_02_CV_C01.mpr;2;2;0.81224316;1.0003664;1.4541783375851807346;0.16346625480117949644;0.8542757;0.7072616;-0.18211902641737828210;0.66011122832636764329
Pos_54-24h_24S_E2_02_CV_C01.mpr;2;3;0.8122422;1.0003512;1.4377376019092539748;0.16169053216694350624;0.85377;0.7097263;-0.19045123832427921610;0.65832927702760919622
Pos_54-24h_24S_E2_02_CV_C01.mpr;2;4;0.8127464;1.0003971;1.3898480963508647775;0.15758023739718476909;0.8522924;0.7112543;-0.20874347263126501790;0.65968653629209389440
Pos_54-24h_24S_E2_02_CV_C01.mpr;2;5;0.81274724;1.000355;1.3942055967066248585;0.15802227169972890660;0.8537958;0.70775294;-0.1801619891819293174;0.66664633974415070959
Pos_54-24h_24S_E2_02_CV_C01.mpr;2;6;0.8137737;1.0004085;1.3783472687424651446;0.15603363148530951363;0.85280496;0.71074575;-0.20342041998820065690;0.66781843817478520214
Pos_54-24h_24S_E2_02_CV_C01.mpr;2;7;0.81327385;1.0003321;1.3694988107236339562;0.15489307930104541901;0.85378754;0.7087295;-0.19498831591748509970;0.66493899510772915219
Pos_54-24h_24S_E2_02_CV_C01.mpr;2;8;0.8132481;1.0003742;1.3883881304999794178;0.15729388727380364701;0.8537884;0.70924824;-0.19353030474307597930;0.66371658632119163828
Pos_54-24h_24S_E2_02_CV_C01.mpr;2;9;0.81373686;1.0003741;1.3915294306273705894;0.15613873124989031282;0.8537971;0.70675033;-0.19004348642615416370;0.66173032077172507834
Pos_54-24h_24S_E2_02_CV_C01.mpr;2;10;0.8122613;1.0003474;1.4012081434870688152;0.15889303221098685068;0.8538002;0.7067612;-0.1821858491013631178;0.65737363183989492012
Pos_54-24h_24S_E2_02_CV_C01.mpr;2;11;0.81325483;1.0003626;1.3746943901756794703;0.15597357526490949502;0.85629195;0.7072578;-0.1804333862533590628;0.66453274528152773171
Pos_54-24h_24S_E2_02_CV_C01.mpr;2;12;0.8132487;1.0001826;1.3659333642924748504;0.15463246216705805463;0.8538052;0.7087663;-0.19276539389034274510;0.66215424709976231718
Pos_54-24h_24S_E2_02_CV_C01.mpr;2;13;0.81324404;1.0003742;1.3762744677943598804;0.15521333698111395336;0.85278773;0.7102132;-0.2015865074062308920;0.66557109334959708964
Pos_54-24h_24S_E2_02_CV_C01.mpr;2;14;0.8127438;1.0003932;1.3945471793351125941;0.15822962888607022208;0.85377365;0.7092685;-0.1975769000170147482;0.66391635047676711628
Pos_54-24h_24S_E2_02_CV_C01.mpr;2;15;0.81374073;1.0003245;1.3705939744156379517;0.15424996122253758839;0.8532807;0.70873857;-0.19635532878363235050;0.66239884298562420145
Pos_54-24h_24S_E2_02_CV_C01.mpr;2;16;0.8132626;1.0003895;1.3678714279437973211;0.15447742915228331717;0.8532723;0.70824265;-0.19274199101270175030;0.66132155944245347920
Pos_54-24h_24S_E2_02_CV_C01.mpr;2;17;0.8137479;1.0003436;1.3879713519549921815;0.15614153073568133279;0.8532952;0.7087154;-0.18878652381453945650;0.66748797044707980878
Pos_54-24h_24S_E2_02_CV_C01.mpr;2;18;0.8127487;1.0003283;1.3988372808107086822;0.15926232823961827013;0.8538557;0.70930374;-0.1879573189451359160;0.66653844227856128579
Pos_54-24h_24S_E2_02_CV_C01.mpr;2;19;0.8132502;1.0003856;1.3896728042600023970;0.15673633498020724689;0.8532818;0.70925266;-0.18973276110955484390;0.66539020306775305638
Pos_54-24h_24S_E2_02_CV_C01.mpr;2;20;0.81323165;1.0003474;1.3806437778125618732;0.15635619116899256422;0.8533232;0.7082929;-0.1890525145390077190;0.66433349817209032614
Pos_54-24h_24S_E2_03_CV_C01.mpr;3;0;0.8182929;0.99990815;1.8198305023650034214;0.21151117591667287058;0.87575996;0.7041752;-0.0759281799400739218;0.90438746840006835057
Pos_54-24h_24S_E2_03_CV_C01.mpr;3;1;0.8173246;0.999954;1.7353098570379218934;0.20614824496326560530;0.8717301;0.70514107;-0.09932624274358381030;0.94348332637992370318
Pos_54-24h_24S_E2_03_CV_C01.mpr;3;2;0.8178319;0.9999464;1.7162751136073807009;0.20527643360182469941;0.87576187;0.7026493;-0.07626669674564754590;0.94425750140393987397
Pos_54-24h_24S_E2_03_CV_C01.mpr;3;3;0.8183372;0.9999387;1.7246261178720921429;0.20503870265647048675;0.87926894;0.70268005;-0.0569137296994324248;0.95184995894946964388
Pos_54-24h_24S_E2_03_CV_C01.mpr;3;4;0.8188131;0.9999654;1.7200486688754926703;0.20493734856884121737;0.8772611;0.70515865;-0.0662499457418809704;0.95568423318537161930
Pos_54-24h_24S_E2_03_CV_C01.mpr;3;5;0.8178157;0.99994636;1.7203767395202855419;0.20457807153562829578;0.87976366;0.70117414;-0.0575195417020626452;0.94333163103855958889
Pos_54-24h_24S_E2_03_CV_C01.mpr;3;6;0.8178372;0.9999693;1.7172462108791512007;0.20531598730046260127;0.7026662;0.70115626;-0.0431106085166059520;0.94886326253837544751
Pos_54-24h_24S_E2_03_CV_C01.mpr;3;7;0.8182721;0.9999349;1.7214817893395231474;0.20421627364166667380;0.8742694;0.705663;-0.08183005629248401330;0.94800089595998203030
Pos_54-24h_24S_E2_03_CV_C01.mpr;3;8;0.81832826;0.99991965;1.7154711617603824143;0.20429948341786618691;0.8772551;0.7021672;-0.07015065456006250530;0.94262082897410150621
Pos_54-24h_24S_E2_03_CV_C01.mpr;3;9;0.8178083;0.9999349;1.7402046234600221289;0.20611582597114555806;0.87775433;0.70317006;-0.06426205340024013310;0.93885207310768729199
Pos_54-24h_24S_E2_03_CV_C01.mpr;3;10;0.8177979;0.9999884;1.7207455644438604270;0.20467701838224640820;0.8732477;0.70517445;-0.0886936584782025312;0.94135913990165782151
Pos_54-24h_24S_E2_03_CV_C01.mpr;3;11;0.81829154;0.9999502;1.7140367520394125457;0.20427013177105460151;0.8742638;0.70565027;-0.0849278137401833058;0.94623059622449648085
Pos_54-24h_24S_E2_03_CV_C01.mpr;3;12;0.8183162;0.99995023;1.7082713100660130668;0.20356533044487220252;0.8782637;0.70314103;-0.06416382075182739150;0.94969343695824372445
Pos_54-24h_24S_E2_03_CV_C01.mpr;3;13;0.8178385;0.99997693;1.7144666749794486000;0.20511494106532458082;0.875281;0.70419145;-0.0756253197139224826;0.94577926091865113764
Pos_54-24h_24S_E2_03_CV_C01.mpr;3;14;0.81835324;0.99997693;1.7042542048429088675;0.20330299303003995530;0.8737713;0.70569783;-0.08515597550591550090;0.94690298949524318054
Pos_54-24h_24S_E2_03_CV_C01.mpr;3;15;0.8188445;0.9998891;1.7091190219083562145;0.20380674629952909312;0.88126045;0.70162433;-0.04915054232474178070;0.95043635052234114604
Pos_54-24h_24S_E2_03_CV_C01.mpr;3;16;0.8183283;0.9999311;1.7153188102576629681;0.20476610881171872314;0.8782962;0.7036744;-0.0624380766692596418;0.95204048395396903274
Pos_54-24h_24S_E2_03_CV_C01.mpr;3;17;0.81729615;0.9999082;1.7279511920748454262;0.20506296154818229965;0.87622;0.7026607;-0.07348953579211019730;0.93763498148145861829
Pos_54-24h_24S_E2_03_CV_C01.mpr;3;18;0.81881094;1.0000036;1.7213402732852514025;0.20302792925941272781;0.7031705;0.7026684;-0.06378267587741822730;0.93862115870900476093
Pos_54-24h_24S_E2_03_CV_C01.mpr;3;19;0.81882733;0.999954;1.7209395645049869717;0.20327914754210993496;0.8797716;0.7021734;-0.0561242574453430926;0.94665974669357075906
Pos_54-24h_24S_E2_03_CV_C01.mpr;3;20;0.8183264;0.9999616;1.7240095178248626382;0.20416908385781149947;0.88128275;0.7021691;-0.04914646923833293430;0.94681788422340651876
Pos_54-24h_24S_E2_04_CV_C01.mpr;4;0;0.8269605;0.99938715;2.0728203910818057336;0.25676967418457710752;0.7124401;0.7024306;0.14065078801241010250;1.2358619183965354176
Pos_54-24h_24S_E2_04_CV_C01.mpr;4;1;0.8244742;0.9993775;2.3003290582197153918;0.28210600193551823093;0.7124519;0.70243937;0.14029834208629674810;1.3771596620437252153
Pos_54-24h_24S_E2_04_CV_C01.mpr;4;2;0.824518;0.9993652;2.3002939664951683796;0.28163372595019850576;0.71293646;0.7034461;0.1316886170892194234;1.3768537699407224179
Pos_54-24h_24S_E2_04_CV_C01.mpr;4;3;0.82504475;0.9993917;2.3072876747700618160;0.28191408626976683061;0.7144613;0.70546424;0.11306373063608696210;1.3814587960477122916
Pos_54-24h_24S_E2_04_CV_C01.mpr;4;4;0.82451826;0.9993641;2.3095144781471762162;0.28207758184599157462;0.7129399;0.7044445;0.1087195150982527484;1.3785011963399095603
Pos_54-24h_24S_E2_04_CV_C01.mpr;4;5;0.8244657;0.99937236;2.3138038775381305074;0.28390304793191385096;0.7099536;0.7004467;0.1380328350007166358;1.3707748740394545189
Pos_54-24h_24S_E2_04_CV_C01.mpr;4;6;0.8249866;0.99938756;2.3003700943307201118;0.28107506098459421377;0.7124205;0.70344627;0.1273499580240073652;1.3737052315863650106
Pos_54-24h_24S_E2_04_CV_C01.mpr;4;7;0.82451403;0.9993901;2.3099386082564088160;0.28274737715933557983;0.71294373;0.70495635;0.0915401008128636442;1.3726105140472149386
Pos_54-24h_24S_E2_04_CV_C01.mpr;4;8;0.8245213;0.99936396;2.2998148712464799608;0.28195154777168194238;0.7124589;0.7034553;0.1230999978343191612;1.3764169750473134269
Pos_54-24h_24S_E2_04_CV_C01.mpr;4;9;0.82450855;0.999385;2.3032335331313432792;0.28230867369507205606;0.712467;0.7034685;0.11976556487420547710;1.3778754063645687652
Pos_54-24h_24S_E2_04_CV_C01.mpr;4;10;0.82503015;0.99942315;2.3033090695108633872;0.28196705663271181508;0.71195674;0.7014662;0.14688360808483526250;1.3775177175810342046
Pos_54-24h_24S_E2_04_CV_C01.mpr;4;11;0.8245375;0.9993921;2.2943476906886127064;0.28152341183640285402;0.7114514;0.69996136;0.1672480815074205242;1.3783802446402369132
Pos_54-24h_24S_E2_04_CV_C01.mpr;4;12;0.82449794;0.9993805;2.3071092168550685550;0.28261506075484450537;0.71246755;0.7034549;0.11552155088222962250;1.3754742536096339428
Pos_54-24h_24S_E2_04_CV_C01.mpr;4;13;0.82452095;0.9993718;2.3148996331278954976;0.28375253281627145990;0.7119378;0.7024123;0.12681447223273274050;1.3723054025198844738
Pos_54-24h_24S_E2_04_CV_C01.mpr;4;14;0.8245323;0.9993699;2.3128111140272858352;0.28302422241311904413;0.7119355;0.70243686;0.1240468039823736472;1.3710739974753897991
Pos_54-24h_24S_E2_04_CV_C01.mpr;4;15;0.82446593;0.9993992;2.3067064567569204498;0.28270567322199621493;0.7129591;0.70444804;0.1100549841692363670;1.3711237788162862974
Pos_54-24h_24S_E2_04_CV_C01.mpr;4;16;0.82448286;0.99938226;2.3232796888769944798;0.28381057282541729488;0.7124365;0.70293057;0.13277707113652305170;1.3765958001857489443
Pos_54-24h_24S_E2_04_CV_C01.mpr;4;17;0.82500637;0.9994221;2.2946926141992498298;0.28107079660667015727;0.71195287;0.702423;0.1303097737263596218;1.3753514126915291697
Pos_54-24h_24S_E2_04_CV_C01.mpr;4;18;0.8250229;0.9993697;2.3120306400410995896;0.28247949349299106079;0.7124386;0.7014201;0.15346782660699282010;1.3781133455279131077
Pos_54-24h_24S_E2_04_CV_C01.mpr;4;19;0.82451254;0.9994007;2.3090897173259277746;0.28244565378413085082;0.71143943;0.7024385;0.12765882834803082170;1.3743461580102661477
Pos_54-24h_24S_E2_04_CV_C01.mpr;4;20;0.8245526;0.99939793;2.3107567723732303248;0.28273532876042799226;0.7114257;0.7019286;0.13811531377229964810;1.3756606151661623211
Pos_54-24h_24S_E2_05_CV_C01.mpr;5;0;0.838845;0.99828404;2.9241318265095965496;0.35272339328910685656;0.71706486;0.7020574;0.3461592846361080570;1.5477184819184454672
Pos_54-24h_24S_E2_05_CV_C01.mpr;5;1;0.83835423;0.9982695;2.8016770654416252486;0.34115532110849086696;0.7160475;0.7010197;0.3521633732578154030;1.9727538697563251492
Pos_54-24h_24S_E2_05_CV_C01.mpr;5;2;0.8378554;0.99827015;3.0218330054723211648;0.35623007097290656382;0.7165983;0.7025893;0.331577782255679894;1.9724908558493769342
Pos_54-24h_24S_E2_05_CV_C01.mpr;5;3;0.8389387;0.99827904;2.7798144378864273740;0.33823617619903518302;0.7160582;0.70053726;0.368901275285556636;1.9746612850219837219
Pos_54-24h_24S_E2_05_CV_C01.mpr;5;4;0.8394311;0.99826926;2.7796936207319329160;0.33798670078386696764;0.71708524;0.7021031;0.3495945265106809470;1.9767231878828179441
Pos_54-24h_24S_E2_05_CV_C01.mpr;5;5;0.84041166;0.99825346;2.5753382383816645868;0.31932113166508479507;0.7170598;0.70253754;0.3373875008226058810;1.9749736673149691600
Pos_54-24h_24S_E2_05_CV_C01.mpr;5;6;0.8404379;0.99828255;2.6052485322556500208;0.32237176968461995273;0.71603036;0.7010571;0.3569213686098460730;1.9740605850810648728
Pos_54-24h_24S_E2_05_CV_C01.mpr;5;7;0.8379103;0.99828607;2.9927530422424306170;0.35802983786091278969;0.7165559;0.7020526;0.342125880614429176;1.9749288979592349320
Pos_54-24h_24S_E2_05_CV_C01.mpr;5;8;0.8373412;0.9982801;3.0722624576083045272;0.36565454584062303158;0.7160651;0.7010464;0.355522280440585882;1.9723869565428128506
Pos_54-24h_24S_E2_05_CV_C01.mpr;5;9;0.83789897;0.99825895;2.9026411397009347996;0.34953545114225542682;0.71656907;0.70204586;0.347010219362727308;1.9766595020804736418
Pos_54-24h_24S_E2_05_CV_C01.mpr;5;10;0.83937126;0.9982762;2.7740615596586841320;0.33768232265918410587;0.7170601;0.7030605;0.327411677059637468;1.9749073274771901794
Pos_54-24h_24S_E2_05_CV_C01.mpr;5;11;0.8389109;0.99829453;2.8147655614645837828;0.34105967871323842840;0.7166059;0.7021065;0.345562652903379636;1.9744980619472944099
Pos_54-24h_24S_E2_05_CV_C01.mpr;5;12;0.83844304;0.9982675;2.9337563208887600104;0.35178995575646910150;0.7160424;0.7000254;0.3817164089240035250;1.9757811036134331113
Pos_54-24h_24S_E2_05_CV_C01.mpr;5;13;0.83882076;0.99826705;2.9083637476665506866;0.34924716213358351958;0.7165215;0.70102394;0.3680694552518120510;1.9771934095179328707
Pos_54-24h_24S_E2_05_CV_C01.mpr;5;14;0.83888304;0.9982977;2.8409025328373168776;0.34306048179612331240;0.7175627;0.70303625;0.333814805873107074;1.9766789590515575833
Pos_54-24h_24S_E2_05_CV_C01.mpr;5;15;0.83790207;0.9982556;3.0716818036337856864;0.36485635326787730375;0.71704197;0.7020189;0.3559467566606518510;1.9791715682717892206
Pos_54-24h_24S_E2_05_CV_C01.mpr;5;16;0.83741426;0.9982951;3.0771974710775425244;0.36538128475455361429;0.7156197;0.7000969;0.377786122620283942;1.9750784162853050465
Pos_54-24h_24S_E2_05_CV_C01.mpr;5;17;0.83741325;0.99831474;3.0626241347597422760;0.36400950773206413037;0.71661556;0.701099;0.3649747623743364570;1.9759328449454484472
Pos_54-24h_24S_E2_05_CV_C01.mpr;5;18;0.83835685;0.99825716;2.9018169146860728776;0.34886964393321258731;0.7170541;0.7020227;0.3516643770560286850;1.9765037218617436043
Pos_54-24h_24S_E2_05_CV_C01.mpr;5;19;0.8389222;0.99826777;2.8962959132513444048;0.34825842712887829188;0.7165626;0.7020552;0.3490372359602376130;1.9766752600042153926
Pos_54-24h_24S_E2_05_CV_C01.mpr;5;20;0.8384306;0.9982617;2.8928755003294772210;0.34834062967935753235;0.7155389;0.7000451;0.3782437742704124070;1.9752690755931446404
Pos_54-24h_24S_E2_06_CV_C01.mpr;6;0;0.8661535;0.99605095;3.1492764692644952936;0.35684869519885695856;0.71629727;0.700262;0.5257742818662250190;1.6186795945343428064
Pos_54-24h_24S_E2_06_CV_C01.mpr;6;1;0.86471325;0.99656755;3.3462983220843187600;0.37595823631570021336;0.7147342;0.69823885;0.5830190066929381870;2.7917747018777240059
Pos_54-24h_24S_E2_06_CV_C01.mpr;6;2;0.86370367;0.99655145;3.5382129158330193178;0.39441631915798150636;0.71572053;0.6997197;0.5509523601840124550;2.7905087770679551776
Pos_54-24h_24S_E2_06_CV_C01.mpr;6;3;0.86373264;0.9965485;3.5388683162527106544;0.39396229261232964891;0.7157418;0.6992294;0.5707196967764147970;2.7953811168785814436
Pos_54-24h_24S_E2_06_CV_C01.mpr;6;4;0.86277926;0.9965758;3.7217601149702404640;0.41157501738861671114;0.71672565;0.700717;0.5429776925353706630;2.7968925980661217259
Pos_54-24h_24S_E2_06_CV_C01.mpr;6;5;0.86524576;0.9965648;3.3598169284430653120;0.37561815345519727914;0.71672153;0.70072216;0.5397569162547853730;2.7954094887267095813
Pos_54-24h_24S_E2_06_CV_C01.mpr;6;6;0.86629045;0.9960768;3.2435833819685685458;0.36398006265143635650;0.7167523;0.7007376;0.550870730193542604;2.7989363227701984866
Pos_54-24h_24S_E2_06_CV_C01.mpr;6;7;0.8672665;0.99606824;3.0245802635777697280;0.34190061341346101613;0.71673673;0.70073944;0.5523513253518537090;2.7991305712560891935
Pos_54-24h_24S_E2_06_CV_C01.mpr;6;8;0.86671036;0.9965707;3.1258109821722204158;0.35197082468013322466;0.71624494;0.70022523;0.5519778300635959710;2.7944946993841496214
Pos_54-24h_24S_E2_06_CV_C01.mpr;6;9;0.8637919;0.99655956;3.5960528598765632164;0.39809023095861536775;0.71674436;0.7007314;0.5476171817202334070;2.7962641668631077549
Pos_54-24h_24S_E2_06_CV_C01.mpr;6;10;0.8652378;0.9965567;3.3810412317792739488;0.37681098247733890545;0.7172846;0.7017727;0.5202403800732116850;2.7944017068138462747
Pos_54-24h_24S_E2_06_CV_C01.mpr;6;11;0.8647501;0.9965591;3.4431597446765780980;0.38271170803302581821;0.7167294;0.701217;0.5470067256325775570;2.7999258584202007594
Pos_54-24h_24S_E2_06_CV_C01.mpr;6;12;0.8667234;0.9965562;3.2330049771978482804;0.36160243047010341611;0.7177476;0.7022234;0.536462266410737454;2.8050211966705335040
Pos_54-24h_24S_E2_06_CV_C01.mpr;6;13;0.86520994;0.99653405;3.4241346939133768476;0.38042519144393192562;0.71718466;0.7012023;0.5482896100557778830;2.7988528305815328016
Pos_54-24h_24S_E2_06_CV_C01.mpr;6;14;0.8662227;0.99654764;3.2861627863704234672;0.36679369857751450681;0.7177268;0.7027572;0.514789543588164822;2.7991440451905020150
Pos_54-24h_24S_E2_06_CV_C01.mpr;6;15;0.8651611;0.99651796;3.4190237938814202888;0.38000798434417957536;0.7172197;0.7011987;0.542683986106964046;2.7974616439857482873
Pos_54-24h_24S_E2_06_CV_C01.mpr;6;16;0.86575025;0.9965401;3.2873602056899099612;0.36746584123015679276;0.71674746;0.70121956;0.537942503866937256;2.7977223767152889844
Pos_54-24h_24S_E2_06_CV_C01.mpr;6;17;0.8652541;0.99657273;3.3957374734706526724;0.37833069020350794905;0.71672755;0.7007294;0.5538487840701306530;2.8009476405856817010
Pos_54-24h_24S_E2_06_CV_C01.mpr;6;18;0.8657793;0.99658126;3.3549063306254635932;0.37433709398694157963;0.716262;0.70022845;0.5558219980399670070;2.7965151525709872646
Pos_54-24h_24S_E2_06_CV_C01.mpr;6;19;0.8657858;0.996567;3.3272717901531501736;0.37164332992335516670;0.7167989;0.7013141;0.541556446994644906;2.8005903073888822464
Pos_54-24h_24S_E2_06_CV_C01.mpr;6;20;0.8662673;0.99660254;3.2756167466821672816;0.36648358757786017404;0.71626025;0.70074004;0.546803854060094936;2.7972720499094462318
Pos_54-24h_24S_E2_07_CV_C01.mpr;7;0;0.8889938;0.9943705;3.4684874100268501880;0.34767684379534064980;0.7114493;0.6964363;0.5859042692744539790;1.3850479043566213729
Pos_54-24h_24S_E2_07_CV_C01.mpr;7;1;0.87656534;0.9948211;4.7868489266720939494;0.48756890339788528762;0.71295696;0.69643265;0.696472257096289116;3.3938748115765192771
Pos_54-24h_24S_E2_07_CV_C01.mpr;7;2;0.8865809;0.9948088;3.7169606501585205598;0.37299054676860508309;0.7129551;0.6964631;0.6902365853936359470;3.3909165488804756721
Pos_54-24h_24S_E2_07_CV_C01.mpr;7;3;0.88407946;0.9948296;4.0112032090199174052;0.40346105146188386655;0.71246135;0.69596475;0.712129874690349702;3.3953037701864930742
Pos_54-24h_24S_E2_07_CV_C01.mpr;7;4;0.88753134;0.99481213;3.6429831063823597068;0.36493535288624887093;0.71347624;0.6974863;0.6741019592368137130;3.3960917407616077881
Pos_54-24h_24S_E2_07_CV_C01.mpr;7;5;0.8870113;0.9948224;3.6785029985692865096;0.36858469365685261594;0.7134816;0.69748896;0.6724371258485471990;3.3945937738882077973
Pos_54-24h_24S_E2_07_CV_C01.mpr;7;6;0.88555396;0.9948143;3.8391848304006133378;0.38502077342676761266;0.7129251;0.6959298;0.7176723939859557630;3.3962889787249558822
Pos_54-24h_24S_E2_07_CV_C01.mpr;7;7;0.8850914;0.9948162;3.9217734912682345428;0.39365846752747582150;0.71299183;0.6964677;0.703442876329632762;3.3960613874740996777
Pos_54-24h_24S_E2_07_CV_C01.mpr;7;8;0.8875949;0.99483186;3.6372325653417675118;0.36381344796742893079;0.7129889;0.69647247;0.7070255443077403030;3.3980238500026641086
Pos_54-24h_24S_E2_07_CV_C01.mpr;7;9;0.88851374;0.9948166;3.5511072517359929842;0.35496048528659907237;0.7124186;0.6959277;0.7172410261003200610;3.3965928132555162901
Pos_54-24h_24S_E2_07_CV_C01.mpr;7;10;0.88608253;0.99482936;3.8070454348592313076;0.38162067661610442264;0.7129389;0.6959389;0.714069624830881916;3.3948363047022451903
Pos_54-24h_24S_E2_07_CV_C01.mpr;7;11;0.8835804;0.9948533;4.0972091388562318902;0.41177304033947320838;0.7129429;0.69593555;0.7138990383497122010;3.3955531363176774062
Pos_54-24h_24S_E2_07_CV_C01.mpr;7;12;0.8865688;0.994851;3.7624462557305252124;0.37733758564122431800;0.7134328;0.6969502;0.6862202938998814630;3.3945590437115803504
Pos_54-24h_24S_E2_07_CV_C01.mpr;7;13;0.88659257;0.99483746;3.7184736717286297342;0.37269551503221594803;0.7129447;0.6964356;0.7046153567259916310;3.3968826713523004022
Pos_54-24h_24S_E2_07_CV_C01.mpr;7;14;0.8875703;0.9948347;3.6317561546609680278;0.36375537716608037259;0.71243197;0.6959223;0.708322681295250608;3.3923383791197452905
Pos_54-24h_24S_E2_07_CV_C01.mpr;7;15;0.88609105;0.99484146;3.7591883682500828940;0.37724448968837021483;0.7124397;0.6959404;0.704567003319670228;3.3913417414969310937
Pos_54-24h_24S_E2_07_CV_C01.mpr;7;16;0.8769723;0.9948198;4.7921596827924309704;0.48753888612174773435;0.71246976;0.6959718;0.701701744569897418;3.3913145115723968871
Pos_54-24h_24S_E2_07_CV_C01.mpr;7;17;0.8865723;0.9947929;3.7155512000903594620;0.37311100681643459150;0.71245205;0.69593465;0.6969224866497702270;3.3887280771719716020
Pos_54-24h_24S_E2_07_CV_C01.mpr;7;18;0.8870258;0.9948175;3.6725040759154501776;0.36872398834479913337;0.7125008;0.6959979;0.7020144851595130790;3.3914493884958922584
Pos_54-24h_24S_E2_07_CV_C01.mpr;7;19;0.88607055;0.9948463;3.7981892549692862472;0.38177136838499570903;0.7129634;0.6969641;0.6644354622594198090;3.3852948035349370579
Pos_54-24h_24S_E2_07_CV_C01.mpr;7;20;0.88700217;0.9948378;3.6671431989878487740;0.36827244420991917963;0.7129639;0.6964391;0.692381832903360870;3.3923340711752833587
Pos_54-24h_24S_E2_08_CV_C01.mpr;8;0;0.92223847;0.9926109;2.1026660872472323776;0.16179479202832367632;0.7056853;0.6901696;0.6656572524285468990;0.74761276667586216246
Pos_54-24h_24S_E2_08_CV_C01.mpr;8;1;0.88937086;0.99353266;5.1170429585925046928;0.49326334570143660661;0.7071078;0.6905774;0.7377426260392817350;3.8062590228901465135
Pos_54-24h_24S_E2_08_CV_C01.mpr;8;2;0.88937956;0.9935219;5.1135354521096739696;0.49242678847980174917;0.7071558;0.6901411;0.753293294754244250;3.8063779651459659919
Pos_54-24h_24S_E2_08_CV_C01.mpr;8;3;0.8894548;0.9935357;5.1245484461965858972;0.49356266049648917102;0.70715076;0.69063187;0.750291601344771654;3.8120182444572488748
Pos_54-24h_24S_E2_08_CV_C01.mpr;8;4;0.88943297;0.99350786;5.1280774424389694092;0.49373419582487379776;0.70663404;0.68963534;0.7763600898712370370;3.8110444996954312358
Pos_54-24h_24S_E2_08_CV_C01.mpr;8;5;0.8894321;0.9935245;5.1209735016572868238;0.49258425649381173946;0.7075743;0.69109887;0.7355874454605917810;3.8111635114462361033
Pos_54-24h_24S_E2_08_CV_C01.mpr;8;6;0.88937366;0.9935185;5.1279809589457092408;0.49351909580568344250;0.70708483;0.69058686;0.740452960774627916;3.8076208506297679419
Pos_54-24h_24S_E2_08_CV_C01.mpr;8;7;0.88937366;0.9935443;5.1367698505192247496;0.49472609475816948593;0.7076525;0.6906588;0.7579872052375616550;3.8159705178505826484
Pos_54-24h_24S_E2_08_CV_C01.mpr;8;8;0.8894706;0.9935442;5.1294523993088553844;0.49341834264426215185;0.707661;0.6906783;0.7559604739552466110;3.8149034486450726715
Pos_54-24h_24S_E2_08_CV_C01.mpr;8;9;0.8894681;0.99355;5.1337859805955222152;0.49397919499551013648;0.7071817;0.6906559;0.7522970679501481030;3.8129595740833969930
Pos_54-24h_24S_E2_08_CV_C01.mpr;8;10;0.8893866;0.9935302;5.1337137990229263788;0.49376356480711113697;0.70759004;0.6911131;0.748171617412727670;3.8168912741617462591
Pos_54-24h_24S_E2_08_CV_C01.mpr;8;11;0.8899097;0.9935643;5.1263517412961379468;0.49300785089480279293;0.7075969;0.69111395;0.7404616589332920350;3.8127880929703881799
Pos_54-24h_24S_E2_08_CV_C01.mpr;8;12;0.88993263;0.9935302;5.1218722076407869312;0.49240942612795364847;0.7076201;0.6911271;0.7403001088046574230;3.8129438021790980092
Pos_54-24h_24S_E2_08_CV_C01.mpr;8;13;0.8893833;0.99351203;5.1229802195364313130;0.49237115109366319745;0.7075896;0.69056463;0.7616636098445874310;3.8157233581655739158
Pos_54-24h_24S_E2_08_CV_C01.mpr;8;14;0.8998695;0.99353206;4.1099140813713506568;0.37898627990994867237;0.7081328;0.69163835;0.726180747746433804;3.8136209025682493409
Pos_54-24h_24S_E2_08_CV_C01.mpr;8;15;0.88992083;0.9935418;5.1281601750789222780;0.49296127591123026015;0.7071425;0.69013935;0.771957482566064334;3.8132889027289968444
Pos_54-24h_24S_E2_08_CV_C01.mpr;8;16;0.8894399;0.993514;5.1290831904136696716;0.49323062881137684488;0.7070766;0.69011074;0.7661212760341183830;3.8102661956170254674
Pos_54-24h_24S_E2_08_CV_C01.mpr;8;17;0.8899153;0.9935439;5.1288725299710394560;0.49325523630649848648;0.70713943;0.690133;0.775023495548372188;3.8146579566781640637
Pos_54-24h_24S_E2_08_CV_C01.mpr;8;18;0.88944554;0.99352413;5.1314587985802413280;0.49354065979640512224;0.7071544;0.69013876;0.766964415548080516;3.8106364944605431284
Pos_54-24h_24S_E2_08_CV_C01.mpr;8;19;0.88943106;0.99354136;5.1256669751529524104;0.49303125963734093425;0.70761067;0.6905845;0.7612397058276071910;3.8128254052048011086
Pos_54-24h_24S_E2_08_CV_C01.mpr;8;20;0.88945216;0.9935633;5.1193812648829163568;0.49201085866175170868;0.70715076;0.6906328;0.7496301231402465550;3.8094012729501181763
Pos_54-24h_24S_E2_09_CV_C01.mpr;9;0;0.81928134;0.9999464;1.6653511283069649460;0.20000969576536721538;0.88329136;0.70466954;-0.03916273172331626130;0.85770624474108195083
Pos_54-24h_24S_E2_09_CV_C01.mpr;9;1;0.81932354;0.9999426;1.7312027449482074976;0.20285684538447634646;0.88121873;0.704184;-0.04812933349273227490;0.94896061926343635634
Pos_54-24h_24S_E2_09_CV_C01.mpr;9;2;0.81934965;0.99997693;1.7319949556907537676;0.20317861657092848204;0.8817744;0.70266813;-0.0476047132859729258;0.94069471879129054544
Pos_54-24h_24S_E2_09_CV_C01.mpr;9;3;0.81885576;0.99998075;1.7233848026817448274;0.20295167922356570646;0.8857838;0.70218825;-0.0297395884176926394;0.94923940561855931107
Pos_54-24h_24S_E2_09_CV_C01.mpr;9;4;0.8188267;0.9999349;1.7035937517340212833;0.20225963389409774659;0.8827535;0.70263994;-0.04162443668596633850;0.94555061659980822836
Pos_54-24h_24S_E2_09_CV_C01.mpr;9;5;0.8188146;0.99994254;1.7192809559589496748;0.20291023102603907335;0.8812564;0.70465696;-0.04875274711260638850;0.94651660516357050309
Pos_54-24h_24S_E2_09_CV_C01.mpr;9;6;0.8193006;0.99994636;1.7099408210371199096;0.20223414480625320055;0.8812549;0.7042052;-0.0483937585982213232;0.95061250952941971831
Pos_54-24h_24S_E2_09_CV_C01.mpr;9;7;0.8193005;0.99988526;1.7135769686351132922;0.20246861961494576075;0.8857382;0.7021417;-0.03115840131378416650;0.94986348934123148854
Pos_54-24h_24S_E2_09_CV_C01.mpr;9;8;0.8193062;0.9999234;1.7132891069242232784;0.20261793810317844887;0.8797703;0.7051655;-0.05683513490794833590;0.95134198797098401566
Pos_54-24h_24S_E2_09_CV_C01.mpr;9;9;0.8183169;0.99994636;1.7150675591100336079;0.20276773545014822408;0.88578635;0.7011837;-0.0323744830253413694;0.94231384986567667012
Pos_54-24h_24S_E2_09_CV_C01.mpr;9;10;0.81882924;0.99992347;1.7228810768197562544;0.20356987730945176328;0.8802663;0.70366395;-0.0539008991379652558;0.94493056880939417968
Pos_54-24h_24S_E2_09_CV_C01.mpr;9;11;0.81877255;0.9999502;1.7220955180806193181;0.20273527132497696482;0.87625885;0.7061545;-0.0700473667062081264;0.94109319875760153608
Pos_54-24h_24S_E2_09_CV_C01.mpr;9;12;0.81829727;0.99997306;1.7279316802298964199;0.20391443060280235890;0.87277544;0.70616883;-0.09593784252358212910;0.93590565434483197198
Pos_54-24h_24S_E2_09_CV_C01.mpr;9;13;0.8188424;0.99997693;1.7021415163501168680;0.20132490745611778482;0.88426006;0.70217043;-0.03692723168039327330;0.94243366454891666777
Pos_54-24h_24S_E2_09_CV_C01.mpr;9;14;0.818826;0.9999617;1.7123395708440344350;0.20206977393080942742;0.8837767;0.70215887;-0.0388108229312298586;0.94074041105530869128
Pos_54-24h_24S_E2_09_CV_C01.mpr;9;15;0.8188426;0.99994254;1.7099059618992522703;0.20224511149700751367;0.87726545;0.70571965;-0.06708684064024017990;0.94172323040568543964
Pos_54-24h_24S_E2_09_CV_C01.mpr;9;16;0.81930506;0.9999502;1.7136192791619971742;0.20142235508753594685;0.88428384;0.7027021;-0.0388570988217921246;0.94201429072933678358
Pos_54-24h_24S_E2_09_CV_C01.mpr;9;17;0.81933075;0.9999349;1.6876894569120410592;0.19937643076132774723;0.88176686;0.7046688;-0.0462981645402190180;0.94656116096319041406
Pos_54-24h_24S_E2_09_CV_C01.mpr;9;18;0.81934416;0.9999349;1.6912819920224077254;0.19990937462276559008;0.88128614;0.70417845;-0.0490980341426059600;0.94278265069847119507
Pos_54-24h_24S_E2_09_CV_C01.mpr;9;19;0.8193229;0.9999616;1.7024587754967902483;0.20097924643882434099;0.88277155;0.7026687;-0.0423917830294197518;0.94081891930424830927
Pos_54-24h_24S_E2_09_CV_C01.mpr;9;20;0.8192436;0.9999502;1.6926274909408535522;0.20033854632834256726;0.8867483;0.702138;-0.0289993153132463940;0.94416832720684248965
